AVG Arrivals,AVG Served,AVG Delay,AVG Delay Regular,AVG Delay Service Desk
5679.1,4692.79,117.6293835215486,157.75677653243957,11.585986338524437,
5656.1,4684.7,117.37302862625091,159.23702488564695,11.770105241964064,
5678.21,4703.47,115.25823439653932,150.31412508760084,11.326079574778099,
5649.61,4713.77,115.18154888607314,155.57593807334732,NaN,
5635.77,4651.81,115.87879664557555,162.30655320399669,11.855196654991467,
5596.86,4630.19,111.06422768520633,149.21027250323417,11.457466200755373,
5855.69,4765.01,127.60433389168331,175.11673096271608,11.357104878607792,
5716.66,4661.17,118.69632244617227,158.47310533598412,11.625369063568463,
5555.86,4612.99,110.97052136666069,151.49921537217685,11.498444142665855,
5767.72,4704.01,122.3262629862787,169.26385249091254,11.73339568054269,
5706.52,4641.88,117.80011712492428,155.20818816878574,12.071995150977921,
5610.53,4668.69,112.46885618079999,148.17897981544817,11.725525753159406,
5722.79,4646.81,118.59283876215794,155.2665803421615,11.345708429516387,
5847.55,4667.12,128.605971251142,175.0864446290595,11.687803972495765,
5867.18,4675.51,126.7023448816048,173.68405003578445,11.873690825894819,
5653.22,4657.62,116.65912702258473,157.0362144841184,11.814274107646884,
5669.51,4692.35,115.04710214091769,153.1146850426579,11.195777879313598,
5534.53,4623.71,108.61650615146178,145.72873766772213,12.04188712612503,
5571.06,4620.19,111.20945261688034,150.0288101570665,11.370255133242171,
5723.06,4699.3,119.6779748745111,159.18549562025896,11.113129117449125,
5653.96,4688.23,115.90647122540706,158.91392511362335,12.271063284371623,
5602.71,4650.8,112.12380555359701,146.6165105949876,11.838815904182685,
5733.77,4630.96,120.23327351021845,165.04883071391538,11.64504412077619,
5605.62,4674.49,113.80374068219277,155.40002360502822,11.404429160852423,
5594.08,4677.94,109.79343873579724,145.56902797515696,11.475013474997596,
5478.71,4612.68,106.83444716412625,143.05626349912865,12.134529079300753,
5762.4,4649.38,120.45187448599863,165.52626971814135,11.355040578349419,
5465.45,4568.37,103.17969761709554,135.62369833820708,11.05636949395106,
5606.52,4558.66,114.65497789151979,159.84181449239458,11.312146381821321,
5592.56,4633.45,112.72868628142231,150.9205673803611,11.526017551960996,
5595.88,4620.67,111.99734533095281,151.61485251933613,11.843863176914464,
5620.66,4691.82,112.55585431726615,150.00280239866632,12.397527510454006,
5716.3,4711.57,119.63861435541722,164.9988977022567,12.440720360049545,
5672.89,4716.26,117.40584038962477,160.60075019057598,11.360369271643403,
5819.4,4712.82,124.99111923483089,165.68200674296546,12.245025934110728,
5696.71,4686.48,118.22247885626537,160.55575665741546,11.397172320525387,
5544.49,4637.53,108.70078730426604,144.87792022796785,11.146880521427112,
5706.1,4733.68,120.27002711417111,166.02142951491308,11.339831694825373,
5536.5,4616.08,109.47012533768041,148.820243505407,11.620185720961695,
5712.63,4610.21,117.64189398903609,160.69556090607554,11.487111563161436,
5582.3,4664.72,109.07401422200394,142.2098459056884,11.891742990724856,
5706.03,4722.94,117.15259727250232,155.77560721788825,11.18518581412187,
5673.33,4603.79,114.89865354900236,153.55143468147435,11.56534505933149,
5750.91,4710.61,121.94332601870866,165.47585228053248,11.411267879327129,
5640.92,4675.01,117.80666933837776,164.14287360274227,11.813854903327897,
5822.89,4735.34,125.51958739605944,167.25625028181278,11.189827485043715,
5736.86,4649.43,122.14127801540131,167.75803096275803,11.161088851763031,
5630.29,4661.74,112.21564031980687,151.61378619764199,11.46244513432079,
5641.23,4689.49,114.74768097238034,153.14231997009603,12.005125033690229,
5713.7,4714.89,122.4454020656571,168.4871192165331,11.913386986699694,
5743.89,4686.99,119.767321414652,160.63558751066142,11.084541392586498,
5588.96,4609.1,109.57204595085906,142.86589374452424,11.49338851880454,
5648.55,4716.34,116.14751966513613,160.8411333987499,11.284378401607821,
5632.38,4642.03,112.88316473919122,153.01873055991157,12.279800791585169,
5721.06,4704.3,119.74441615921458,159.86896748799703,11.628510438568016,
5727.49,4635.14,120.32794536705978,165.65244665275972,12.171933339757437,
5794.33,4726.23,124.06878197685408,167.58393919330982,11.131885753430256,
5784.39,4722.55,125.19120532859668,173.07007439234727,11.148794529521084,
5684.3,4707.46,115.97685421221304,153.547972085255,11.448692346468144,
5727.96,4716.18,119.76783048715248,162.21586183608298,11.484895124694487,
5739.53,4658.17,121.56128282261034,167.99631267986112,11.969003947212345,
5644.44,4612.52,114.84152566810587,156.2162144483507,11.369689684535253,
5691.58,4648.98,119.05148275792935,163.17315712981238,11.65469402133764,
5741.62,4704.47,120.71300942603393,164.3986236590847,11.640598481943924,
5595.07,4660.44,112.32937079832821,151.86950231851804,11.04600522130812,
5658.27,4675.21,116.2118601837182,159.20965431979806,12.076898811813706,
5751.8,4767.29,119.76129556407086,158.10287356576802,11.882085292002566,
5755.53,4722.0,122.80253095823853,167.0424172713048,11.207451370497715,
5677.24,4723.36,115.99927908821459,157.3724652811172,11.78609077874436,
5627.47,4663.72,112.11067799968909,148.00533556792692,11.334689981277522,
5637.87,4678.21,114.08309442610081,147.48729310596872,11.665498376382518,
5757.29,4709.16,122.85494584007252,171.03369599140137,12.400313053693244,
5588.77,4665.26,112.44773364221479,151.17612164235544,11.34104579166258,
5691.75,4686.1,119.7381835492885,164.19302680070356,11.379136460748533,
5641.0,4636.35,114.76637392646956,158.9147845387079,11.754123418109756,
5822.45,4675.66,125.8524422398421,173.08427475862277,11.882405444476046,
5675.84,4676.2,115.29761170073016,153.7581391471474,11.04772064641603,
5659.62,4717.12,115.5311794765655,153.49368533830705,11.512158568814186,
5602.39,4666.46,113.13862138298016,154.74421244685152,11.969188125852483,
5703.01,4668.84,118.98620558707424,159.7116787223966,11.187927181868606,
5779.27,4758.25,124.7211645299256,170.07005686148423,11.712583420668581,
5589.35,4633.34,112.47621032003937,149.63540864246932,11.636988690035562,
5667.12,4704.69,115.54448510187511,154.29495889504403,12.046268936356155,
5745.44,4700.46,122.63003352959005,165.9330780483249,11.999044170634436,
5676.95,4634.81,116.07653795466024,156.8821338814077,11.684605822183316,
5650.43,4657.91,112.57921599240554,149.60172027298597,11.316507506131082,
5616.22,4675.21,113.42282284465345,151.71448160837343,11.77485768715744,
5770.63,4717.21,123.29911563813238,165.07814672871606,12.322769696206691,
5682.52,4730.31,118.5319060629896,162.7423330200813,11.576685699087873,
5597.13,4631.88,110.0230256174163,144.50535114103477,11.830349671181335,
5714.58,4678.72,120.5282289420185,162.1969721493739,11.044323788967777,
5601.35,4657.24,112.65027685377689,151.93089116279046,11.652204263185238,
5606.97,4646.84,113.08575544897138,154.11419636438285,11.448879653195712,
5690.33,4691.49,115.91797772015948,155.6032274207332,11.829611822024354,
5803.53,4733.27,121.82292041118018,160.76272438694846,11.25820051262016,
5521.0,4628.74,105.91216866387458,143.06059996525164,11.191855511471282,
5829.37,4641.89,127.72910541147233,177.96730358234842,11.518468086511275,
5710.83,4724.99,119.57343286059405,161.9564714012204,11.35099927168487,
5694.89,4668.65,117.89345467876616,161.2403062126234,11.363530227068328,
5645.2,4664.94,117.99803748085807,165.0746694936867,11.774838401440176,
5640.08,4672.34,111.85411149623224,147.87485372243697,11.420876356430972,
5507.04,4580.76,105.41089311494255,137.82359841787584,12.307989763264858,
5688.42,4681.79,115.98052701718753,153.8574542864143,11.820448718979403,
5633.48,4682.59,114.15586591019502,153.10486409045797,11.47740654170078,
5745.75,4674.46,122.12017342966077,166.88334312002905,11.38885705576498,
5709.99,4701.03,119.36194388150803,164.99564604484877,11.04159717766487,
5740.97,4718.39,120.29925594804114,164.0097948370588,12.048475625481398,
5649.59,4622.24,114.95711267139723,153.88433248396507,11.466486728116976,
5726.15,4606.31,118.98593181658201,161.0663849230852,11.776153237828511,
5636.76,4657.5,113.73577078174047,150.72963683655232,11.659560698239108,
5701.7,4669.09,119.50695149894653,163.1507804009681,11.360257101462619,
5692.28,4694.12,121.03991645401045,170.25119620061102,11.76615626801148,
5720.57,4720.57,119.75872185930152,163.1200242579129,11.046677920806586,
5681.5,4697.04,118.72278053939283,163.7759036049023,11.404592390898015,
5590.48,4593.96,112.52116025643394,152.83290970381069,11.37539749536018,
5727.09,4674.93,120.71271333779208,162.1533793103035,10.814403216379896,
5711.23,4695.96,117.94256460689948,159.1943439459439,11.82203624908106,
5653.69,4687.59,115.88662147276064,157.92508072262734,11.498439716210001,
5794.5,4694.64,124.01136564863242,166.08701006564945,12.40255495631757,
5651.07,4689.99,116.25415599607972,158.11045275079468,12.060784465073246,
5722.35,4681.15,116.63121004410714,155.73379253268547,NaN,
5660.69,4715.3,118.28113881241397,166.0506288086483,11.537864787147937,
5617.63,4667.95,114.70603934274519,157.5242925681851,12.198562980001565,
5739.82,4688.17,118.80361477475442,154.84927509591523,11.037198000169267,
5583.42,4646.88,111.21765081134586,149.96691649565298,11.000845542925141,
5724.13,4736.21,119.52912408429452,160.04588053867693,11.428510053025839,
5463.68,4607.01,101.61306785692528,132.25609388839496,11.302185637110794,
5745.38,4694.11,122.9254352108971,171.49314570611526,11.609565106265537,
5681.59,4649.9,118.15434559152789,156.1280052203117,11.284752983497805,
5671.26,4694.93,118.7740887192455,162.68493102089423,11.566613835963635,
5690.37,4741.0,118.490565176108,162.76437135289396,11.302319103398174,
5588.83,4663.53,113.21143854614792,155.2576763724206,11.399844606992385,
5672.39,4697.48,116.23668112148904,157.42378860440556,12.540261769022884,
5678.75,4614.69,115.98056696630317,157.66677820958833,11.578859825246447,
5722.98,4672.35,118.0560406330723,158.19166791038154,12.242275052591747,
5582.37,4577.02,110.76212646049507,148.25875058856562,11.87152289225454,
5639.51,4676.74,116.45096916510049,161.65983863334893,11.1709266580443,
5697.52,4690.67,116.70421056418284,154.60208512345247,11.068773206022318,
5737.69,4718.84,120.87070930566188,162.71252591515918,11.740537794594744,
5604.5,4634.9,113.56632131687364,154.5296894323139,11.543263028167566,
5672.83,4703.16,117.17337921622642,154.82882458268216,11.916446910299456,
5647.59,4682.85,113.29299386481611,150.8190673184548,11.540144213578309,
5551.41,4585.79,108.05982067017703,142.7544177167206,11.793107345124001,
5592.41,4681.05,112.31343891031716,150.27573720565988,11.601371400142648,
5645.99,4681.15,113.00252449900486,147.08603123897666,11.605722463374109,
5829.5,4692.53,125.18580773209491,164.70933830691243,11.707744024087024,
5718.42,4720.31,118.96733270933515,162.69336597775822,12.120105882006206,
5702.4,4717.39,120.79202389972332,164.72709053648666,11.985419240187312,
5624.24,4664.54,112.75048683091009,149.20057825177955,11.512722421583053,
5633.45,4633.54,115.72208801530671,154.914819837851,12.14830885559893,
5779.93,4733.33,123.97535504825723,169.71472480264663,12.08140036981382,
5624.27,4641.77,114.06359712605536,158.76872186502808,11.255910084869683,
5474.06,4595.61,104.35103557902058,138.5956617823622,11.378228227540983,
5696.34,4654.16,117.19757715653233,157.61939301399826,10.980727199333582,
5673.46,4626.9,116.33879104647467,157.2101706214715,11.495683502382139,
5775.22,4708.39,123.1565921845286,168.2730710133568,11.941251411881218,
5631.49,4645.1,116.60608308107795,158.16446516292402,11.341190149297113,
5667.17,4686.18,116.69970961332727,157.24138517010093,11.311099424090463,
5681.71,4675.78,117.13925036602333,157.90618176478083,11.874024000846068,
5679.07,4701.46,117.1622620025429,153.67367390930428,11.324263204174695,
5632.1,4626.71,115.5600995362649,160.94429539255364,11.402298039959598,
5708.33,4678.92,118.47378933000127,159.51506837751356,11.528749353140888,
5604.39,4628.35,110.78657106007302,145.16460087498842,11.546527573239825,
5735.28,4737.37,123.09992141237416,167.83194131386335,11.498554080960801,
5688.56,4672.58,117.80170596162048,162.80115804883525,11.752109870676867,
5804.75,4746.97,124.29014162085308,165.94812176976833,11.839718511222342,
5808.38,4672.48,126.52493700441617,175.14045416279328,11.09194473869156,
5741.67,4742.51,122.05714339161152,164.19594399400833,11.952946239966172,
5638.93,4653.14,114.92591879357711,156.05775052135698,11.643092518549947,
5748.14,4723.23,121.69200043894976,167.80437907966828,11.671482750151993,
5639.47,4666.49,114.13576291394243,155.6910677654427,11.680609115176454,
5654.02,4613.77,116.54401308128713,162.12336643535818,12.083925570506487,
5672.02,4625.21,116.21350774650728,153.76255075233803,11.664775652266176,
5566.16,4599.34,109.80628529732867,152.07961436503786,11.084577161530587,
5598.98,4646.88,110.6080159669228,143.02527639547245,11.998371346989204,
5684.94,4697.63,117.68512940349194,161.189897409357,11.362552647982952,
5627.31,4693.67,112.82303040657033,154.4281883328165,NaN,
5616.91,4604.8,111.73334559720189,149.40390425177165,12.258321764132784,
5633.17,4716.23,114.06013552652493,155.50374809022608,11.742375728118482,
5610.85,4615.99,111.84074693600907,148.28325246455762,12.142915037150981,
5604.91,4594.63,112.84843248783991,148.4497246412357,11.58823176239578,
5622.31,4679.57,114.04831937023293,156.1220777027073,12.097848598282791,
5611.91,4608.5,110.77295709328915,148.1814057414463,11.551430882998421,
5642.57,4699.08,115.96003106596514,156.67130636895644,11.63876996863073,
5615.25,4692.98,114.28732824357081,154.35327457405188,11.575764467473585,
5609.95,4681.92,113.80692183166481,154.27922433384686,11.349177978093405,
5663.64,4689.01,116.97270550774985,161.27530992789698,11.973628672088237,
5664.64,4724.18,116.2600053185573,155.81128281137433,11.452617775442263,
5591.66,4669.89,113.87353852736743,159.67058874430276,11.428075999877814,
5490.57,4566.27,104.77416963891432,141.18098959798294,11.348116489923846,
5643.3,4678.8,114.66308260206274,149.93494966721357,12.060965805875332,
5696.25,4680.93,116.88338103970298,161.77646713064277,11.40698681614918,
5711.24,4708.4,120.24955700094432,165.96557873512765,11.322887584540206,
5845.74,4758.81,130.0946932101492,181.5553725426936,11.986564948600275,
5593.13,4677.19,110.47408433151725,148.50293139856302,11.442253186178869,
5760.97,4725.32,124.21279509424808,170.50362873520552,11.497925303639452,
5677.29,4662.89,116.94856901826638,154.00828858110208,11.652562280382144,
5679.84,4676.89,117.42636275448461,156.10922744635343,11.636475400066129,
5638.43,4621.92,112.92493412002463,150.07000139671774,11.978643488779902,
5611.66,4634.95,111.36547116695937,148.64293382815092,11.889219957795797,
5647.82,4672.91,117.5121056175247,160.487826760943,11.587441192594442,
5823.62,4681.04,124.76472836493431,170.18115480908796,11.71697399934235,
5715.04,4594.98,119.58454956448176,160.56671707890192,11.535797162791534,
5693.24,4716.79,117.44933840241154,158.99243417790322,11.704621419232664,
5562.01,4610.73,112.37323609580824,156.49605581198307,11.797942003067474,
5713.37,4683.07,118.1526964958604,159.0656601058195,11.012169641232928,
5807.19,4672.02,126.01651889340609,166.80538597376454,11.590883657528876,
5643.69,4699.06,112.85147478097073,147.04852028982432,11.770216869133952,
5613.0,4657.34,112.95601850411731,149.9366978012168,11.932143427660824,
5628.19,4691.86,117.49246546356551,165.4470413087294,11.615312421164562,
5621.77,4651.2,113.1912257213709,154.6031757871854,11.439035215557778,
5709.69,4634.09,117.24786582486249,153.09415594555517,12.346404932068424,
5745.15,4768.09,121.04668101065363,162.51059710312444,11.81539686493316,
5703.66,4684.15,117.81567618696627,155.33799216847797,11.612292036987258,
5686.95,4708.99,119.07317245064995,163.79151992462056,11.747218911100092,
5732.62,4659.89,124.31221823200953,171.03688611534272,11.82867350450449,
5717.5,4649.67,118.794735654084,156.86908239609664,10.973335218198518,
5629.47,4670.73,115.9503543572458,156.68327390491152,11.7064290951969,
5692.4,4687.47,117.92576905477786,159.88656387291195,11.684190581612388,
5652.95,4674.55,114.00289993063842,150.95688590265456,12.355653005487147,
5793.13,4707.2,124.00655563899116,162.44602087156196,11.057152489652031,
5689.48,4719.55,116.89962082506835,151.75313165383355,11.201216952044852,
5633.16,4655.36,114.01872301549537,153.0593630803194,11.911015038661228,
5748.43,4694.66,120.58351539128536,159.25367862456588,11.380648838187248,
5685.29,4717.16,118.36133187222659,160.4488107469596,11.676275898812735,
5520.46,4554.19,106.59872396892727,144.01029441888474,11.143647951771879,
5769.28,4709.29,121.10388669246191,161.2029029712922,11.734513311266872,
5739.18,4696.92,120.49237176158144,158.76115288109582,11.701916657583272,
5682.17,4718.52,117.69866507105536,158.05502328571419,11.168513184804146,
5649.21,4704.01,115.74790236583144,154.29771885303865,11.679759570398762,
5631.55,4672.43,115.27834115299898,156.36260540601702,11.677969281723247,
5710.45,4718.65,120.5626680517276,162.08886460071625,12.232447503401396,
5721.57,4685.47,119.02980325852494,163.2549665125881,11.639309708660967,
5735.79,4734.94,122.19243820966253,164.7031265345772,11.45874451741459,
5629.7,4645.32,113.14573328882405,154.7261908733208,NaN,
5722.25,4684.0,119.24951931868856,160.82888020743655,11.85244152288532,
5654.83,4656.83,117.28304964692184,162.06444535698043,12.175460896158345,
5693.13,4643.13,120.12783294598448,165.39671884735122,12.755689706678067,
5729.22,4686.28,120.68241182513866,160.5833128417495,11.65438769651376,
5727.84,4686.73,121.13609185921977,160.703949683626,11.932820162472392,
5709.48,4702.46,120.195596788621,160.31686125351038,11.203830456343548,
5545.05,4633.31,108.49407862174394,143.93799031830244,11.69435296090423,
5569.17,4638.3,110.16078036491588,149.9575164852789,11.449888933190199,
5723.44,4657.55,119.23332214079241,163.7982751811216,11.205691319324606,
5877.26,4746.4,130.24647925281073,179.34296201626898,11.658994248854055,
5720.67,4727.87,117.36022311218039,151.26825437855203,11.63919880497064,
5729.4,4686.69,120.31139731931874,159.26945033179592,11.596978617943014,
5609.45,4694.52,111.23249174320529,151.89700195969723,11.72138845887893,
5828.13,4700.7,127.8611778107763,173.57809020377334,12.242811870578864,
5811.21,4732.53,125.90169336370876,174.9148830256052,11.866919401692956,
5685.93,4652.59,116.21946205304208,157.4996935806702,11.825790114263897,
5503.64,4628.36,107.0470277271694,143.42516013878648,11.651551174228468,
5661.37,4672.13,115.94376073697103,155.47746649290977,12.024565302473842,
5568.89,4585.49,109.07250152149271,143.44449183802905,11.19740609668957,
5648.03,4678.05,115.3918552322968,160.07656781128938,11.655817146243052,
5582.59,4648.33,110.48155258008383,149.14396743902628,11.414208351907371,
5629.26,4575.04,113.91087780330417,157.50930869809827,11.820156786928521,
5598.66,4608.79,112.05105190893924,153.5984998333721,11.237660983057628,
5608.95,4687.74,113.00987573652648,154.1401342181811,11.27074198757055,
5725.9,4763.68,121.1258899600212,168.6285468633967,11.513693341403114,
5717.49,4676.52,118.9526926398082,161.87139608538916,12.008317852454475,
5572.07,4654.04,110.62609962539456,151.6041788744952,11.693908836650472,
5559.39,4640.42,110.70055819907262,151.00170264036979,11.363359395601442,
5513.22,4609.09,106.63438163112329,145.36004016752796,11.60909589659729,
5675.32,4670.32,117.07593499757674,161.96784596032867,11.05431103840943,
5678.29,4673.26,116.27854291084253,157.02366309906859,11.917234238538974,
5710.74,4680.48,116.62945010125694,153.78416564102307,11.404413225869668,
5510.82,4605.68,107.35959067752006,141.78654480700965,11.017607689852193,
5571.81,4637.94,109.54764506510038,150.8826901099231,12.008906206027968,
5680.92,4676.07,116.82219878193024,157.07965725421164,11.015079396719694,
5630.2,4652.93,114.30055684194254,153.25740034903995,11.76946507773638,
5549.39,4651.32,108.1374605421639,142.6504961438673,11.54287669074675,
5712.5,4685.19,119.13268823473268,162.02449577299652,11.437820883251153,
5672.65,4650.84,116.99565063184484,160.22321757600685,11.199853888592136,
5652.46,4671.24,115.9109998964538,157.3668571634656,11.661499135909894,
5520.79,4605.42,108.33793202405612,146.80565175190085,12.140526648855818,
5631.68,4639.66,113.64071606279713,153.07248060578638,11.333750677490947,
5704.24,4693.21,119.24513679169397,161.66354977268603,12.183715423882536,
5596.86,4606.63,109.54198001665232,142.49718565225507,11.764594012673463,
5824.67,4770.07,127.57976253816814,170.4433031557342,11.701601423710686,
5641.96,4658.38,115.89570447172153,161.19788691445862,11.848680739680365,
5754.2,4713.92,120.76114869176672,158.15214150451337,11.080966119500994,
5674.85,4635.42,116.70042438350919,157.85054026781586,11.348185217535285,
5668.0,4659.53,116.1061411323677,156.45322974100364,12.129958987700201,
5663.42,4651.4,115.82200708880367,154.59106646543208,11.864132945085968,
5596.56,4620.94,112.39416859983974,152.0060666996663,11.281261677349955,
5624.81,4646.39,112.36442176179939,147.4485551558007,11.310785630251548,
5534.59,4592.31,108.30968611075961,144.86296018762562,11.390954673247139,
5745.52,4689.17,120.84462919887565,165.64223248913743,11.362789523419673,
5713.85,4691.68,119.572464210063,164.84657662752753,11.875953736591878,
5656.89,4639.65,117.0304211260794,159.1563857735275,11.420576153325289,
5646.45,4667.08,113.9959738489851,150.09546322532046,12.07722375045041,
5816.29,4721.01,128.79563982431858,178.88920610474713,11.820653449394193,
5527.22,4619.82,109.96794232214523,152.51217960154733,11.521877992163477,
5697.2,4695.18,117.70059827245248,154.0345751641915,11.627626018562802,
5643.22,4706.65,114.59091432152096,156.02969398495244,11.52137431104092,
5779.02,4686.18,122.724026156378,164.3955906538932,11.542664212242551,
5599.52,4669.83,111.93537806002819,149.96891233655847,11.501870789680135,
5435.23,4571.35,103.48312179846035,138.99910090490508,12.13043350225521,
5693.46,4684.49,117.91147666903515,160.11756722244053,11.659061995204906,
5777.85,4712.0,123.42734954661951,166.84322660287498,11.16793510341207,
5588.69,4638.49,109.42150491783197,144.49301196593865,11.677690741381559,
5711.42,4687.97,119.21463967020907,164.40231871820768,12.134129295806432,
5578.3,4572.0,112.64851442113071,155.76619096973823,11.238469361407898,
5568.51,4610.31,109.64616886533624,147.09558760367415,11.765338421710954,
5748.37,4721.92,120.58069445625792,160.70217368870576,11.708864399007446,
5474.81,4561.64,105.36769865216462,140.7107666780599,11.64810603079205,
5710.68,4738.57,120.77687147601515,165.63129002508452,11.625313922540906,
5612.13,4628.75,111.64070683724991,147.06626946440593,11.65377830055582,
5771.77,4642.9,124.2380438276765,171.34066291316674,11.494205661785923,
5705.96,4633.6,117.0097300068962,160.88974611386217,11.544785329621504,
5745.47,4672.15,122.43825893854404,167.78024875916358,11.71001052845313,
5706.83,4723.56,119.45161250439936,159.98559817607398,11.685251833636316,
5682.14,4731.72,121.98628715663985,169.2944523308987,11.8498523531772,
5819.5,4723.5,126.18514922337748,175.512819484856,11.43880929114365,
5633.32,4621.75,113.57082244939792,153.40956497520224,11.563656795068828,
5655.09,4701.97,115.72638767236087,157.16346860436914,12.218895090541526,
5653.68,4662.25,118.49633968486454,163.13577064645332,11.80421031284725,
5781.29,4706.37,124.00558515754706,165.4565851334184,11.583908417890536,
5691.42,4718.51,116.79091546683419,153.94826109810927,11.477199934397994,
5638.27,4663.66,116.18929681775,158.11710909934564,11.772035771496313,
5605.26,4648.39,112.80619957455063,154.83702130578413,10.983161780948329,
5793.14,4670.54,124.83196215380825,170.41535041651645,11.616375205137025,
5705.02,4652.94,118.66117382982311,162.59579917016973,11.68624589668326,
5614.65,4666.16,114.32002820844576,156.51401798323562,11.754973623545993,
5601.13,4650.99,111.34875459466959,146.64619287179346,12.856044153089297,
5665.5,4664.28,116.37995182711751,162.13595307870722,11.991827116822368,
5582.73,4661.9,109.80081066036752,146.79448871569122,10.92495168239225,
5722.79,4630.1,121.19058779337367,166.20372415676974,11.496043953257095,
5642.19,4665.11,113.68322472714425,154.9752645119184,11.548548832769232,
5648.67,4677.8,115.83930248538277,152.65644486283958,11.32991743542488,
5611.86,4653.9,110.70137026909568,144.80391343184235,11.652769354939567,
5570.56,4646.05,109.7046885589043,148.52193657821817,11.377312158731227,
5669.73,4637.22,115.70408821209267,152.71085546924428,11.312226776307035,
5531.36,4596.49,105.5160953090078,142.72215113417667,11.726342338225997,
5547.68,4639.69,108.51790004025344,147.07890099513298,11.271922450811605,
5593.51,4663.15,111.57528946776151,152.7920734029646,12.02094875726404,
5589.32,4644.85,112.32111300382114,153.86565249079723,12.546690745511237,
5742.07,4715.24,123.51461805226558,172.25993678932392,11.750454967711121,
5646.13,4633.87,114.43554450053482,152.32937915971033,11.565386735448756,
5695.71,4677.11,119.46813745019372,165.55237411672456,11.755673348812868,
5638.17,4711.97,116.36854166003535,161.28773892087398,12.61227570303975,
5628.2,4649.12,115.64702998276813,157.10294082963395,11.867174517000793,
5548.66,4614.53,110.2548757511783,147.30766430716244,11.674146500753857,
5629.79,4678.89,113.42354795100279,152.02774956021227,11.216884016030981,
5585.56,4607.59,110.45184593338963,145.5552050852165,11.603299136023264,
5669.1,4679.02,117.0838345394232,158.52334527897384,11.266148908165489,
5602.29,4546.8,111.81895769265583,150.21509468828322,11.507033302077135,
5736.77,4665.48,119.29230265622962,162.68889281132795,11.468370000163695,
5671.26,4691.65,116.23649377513662,160.53129329228148,12.323969149448246,
5764.31,4727.54,124.9084064286379,172.13040165438815,11.450885801687589,
5433.89,4545.51,101.95917192401072,135.1047104384729,11.464782473792685,
5573.75,4636.22,109.78871428229918,144.8246017460787,11.410285185356067,
5569.19,4666.69,112.18760881980654,157.47570135025103,11.80642968040619,
5565.53,4631.41,111.03842980067554,152.97041967857135,11.89567885306068,
5709.33,4746.08,118.05081414676428,152.14859302701552,11.364019016229168,
5631.55,4698.69,116.03585264192833,160.9372776894602,12.123551272603267,
5711.38,4708.48,117.7845449778111,160.0127820432355,11.731659941986997,
5596.71,4670.52,113.66771618810229,155.95054685284697,11.13553898468104,
5748.36,4754.07,123.76728917801387,172.30323639455412,11.867811653721796,
5704.3,4691.83,120.96903981182056,165.8936792204196,11.6481536993969,
5589.61,4629.16,111.02493368954562,150.30161173077067,11.425469045370393,
5688.13,4693.03,116.95234341329189,157.02130348459036,11.790944998746768,
5818.9,4727.59,126.47398272325461,171.18670777593027,11.754859577711938,
5669.82,4659.6,118.07030234271917,157.90101770559116,11.182473500670667,
5731.72,4681.85,120.65785143112934,166.93369089330778,11.698284446347602,
5628.78,4630.7,115.716436418814,156.1990479093202,11.714152778663323,
5551.32,4607.82,107.84558973394049,149.02542580238,11.632307570539218,
5592.18,4664.94,111.10976594548166,149.87299168208426,11.613932217783919,
5632.0,4690.01,114.04824033279547,156.38228494700218,11.191283681030965,
5709.33,4675.75,119.38822490746502,158.74336069594565,12.347758091250421,
5553.78,4618.04,109.5994166168744,147.82151582224688,11.894772184159086,
5660.54,4671.17,117.38729670044519,164.0289567070555,12.11286028031478,
5630.73,4624.78,114.76589409906643,155.823339166205,11.407423991768832,
5642.39,4675.97,114.20611479934743,152.8725989845448,12.227622802450663,
5593.02,4666.38,109.60172278649162,145.50681897914384,11.823254489703602,
5641.68,4632.95,115.99106172713248,159.1380746349753,11.493284908885204,
5633.01,4699.73,114.20726383696399,156.2520548918835,11.74202918915415,
5651.41,4633.97,116.409311692081,156.60412956937247,11.537238084253616,
5732.53,4727.4,119.7043374500038,161.37302750908694,11.241331955705416,
5784.15,4734.9,126.3595814579004,175.9015493859823,11.312654772287708,
5633.45,4679.67,117.08002758941616,162.58780524929875,11.70261144069738,
5725.19,4632.66,117.14064466357794,155.9884473671088,11.873988079771802,
5553.06,4630.62,110.44872908394241,152.58543936350293,11.778957841192106,
5724.1,4656.66,118.4245253892185,154.83407128730644,12.10571594779601,
5721.89,4680.55,120.19452056797887,162.79375925067197,11.554060948740988,
5550.35,4608.12,109.07747904107453,145.51214402463108,11.714733720376211,
5642.57,4641.98,114.99160182449349,150.21342587734136,11.5267893161658,
5704.03,4676.9,118.9944334754846,161.00569089776255,11.51780060888159,
5701.69,4649.42,118.75377851274024,160.40687954965205,11.962499646654091,
5625.29,4667.48,114.15169656883776,158.5876590071989,11.925295714055569,
5759.37,4682.48,123.96158314751814,173.14677866527578,11.65312898339921,
5766.09,4757.53,124.10938775551222,168.59445503088136,11.501682941328006,
5716.59,4729.09,120.37969200293604,163.3666337880461,11.085465378758574,
5668.69,4679.53,115.4359806098578,152.905497093778,11.960641123306145,
5678.36,4693.91,118.00670088605997,158.69318265709336,11.852511214238529,
5739.33,4675.95,119.10557903602503,157.09258016651148,11.530668841934462,
5653.52,4615.12,115.78537992667187,154.63941902434294,11.381055836721975,
5642.31,4659.56,116.71316991915262,160.5471515560603,11.366817443738123,
5530.01,4616.07,107.57869725795835,144.20498628008858,NaN,
5675.37,4704.15,119.30248492220723,168.23811164069554,12.443921507142852,
5641.6,4590.18,115.90819675633044,163.2957155492847,11.346770111965187,
5707.86,4690.53,121.16845145496832,163.64677345686158,11.500638967147623,
5754.32,4738.69,124.19607303394457,172.61240756132372,11.651075969129472,
5757.66,4716.26,120.501204344642,163.4361793521314,11.699740986300098,
5605.36,4635.24,113.71529650479201,159.05273717252038,12.046342000666868,
5565.73,4556.11,112.69162658253552,157.94024587857805,11.690938749343282,
5741.01,4697.21,121.47352301916031,164.43614502489172,11.338077884063116,
5554.78,4623.3,109.87483687790466,144.6724400995498,11.37211647579,
5730.25,4751.29,119.35747338616937,158.46333661116503,11.241128318592503,
5668.19,4697.7,115.88931309367602,157.02119704191847,12.03562659400941,
5698.16,4675.1,117.77599440604652,156.44628805021028,11.464694757313827,
5685.5,4701.78,117.63510436161815,165.48921831413477,11.52706653919559,
5620.17,4579.01,112.65821674366902,154.8066336034118,11.528709594343914,
5639.63,4666.0,113.84808461503304,156.11104346445154,11.366823539305374,
5697.7,4700.43,119.16080336405543,164.56708817258186,12.423330545106964,
5548.26,4663.14,111.11556450133449,152.57064717329885,11.619535083886115,
5568.47,4624.67,108.38657921709732,142.46328947572295,11.236186250201373,
5726.52,4679.77,120.77271644482352,163.17086367285177,11.420785237998148,
5608.53,4622.33,112.66045419223614,151.36161883162734,12.360182743551873,
5587.06,4620.64,110.63911690673103,151.5391606709177,11.755458167785543,
5516.76,4634.61,106.92290939659512,148.2657440131354,11.982658269146198,
5663.52,4684.91,116.3452182817579,159.6685839205594,11.62794042000874,
5632.77,4688.34,116.88760300389238,163.4339700874176,11.352828185444002,
5693.64,4679.23,114.73873293090963,152.11556692131234,11.653017088129179,
5791.12,4699.55,121.86091961537109,162.18086245510725,11.375549732366736,
5565.64,4640.08,110.27106719817928,146.9484852275666,11.016996217578304,
5599.16,4671.99,112.89762791521052,153.38813781421848,11.71984616095504,
5644.88,4653.45,114.17142370868844,152.24865240511463,11.869456714533172,
5648.0,4684.13,114.3678530932049,152.61207847445198,11.776299489580033,
5557.64,4647.68,111.25455357448311,150.36287804840978,11.0113206952111,
5633.07,4620.6,114.91497709825404,161.64955166424187,11.910297834605666,
5687.13,4705.13,117.39937481843117,153.62684714980992,12.092575401521573,
5652.2,4709.48,116.50987439790795,158.9833521907635,11.920778431380404,
5529.33,4630.62,107.20492192098936,144.07065191618184,11.77778967843634,
5587.2,4652.63,112.81907910594374,154.9749453089202,11.729185764759768,
5667.14,4684.37,116.30454184798036,156.28735452625583,11.376847320761863,
5548.03,4606.57,110.1374529278978,150.19155210947366,11.8187159340835,
5802.52,4658.44,121.44774564863914,159.74144954931484,11.554291110605732,
5769.8,4672.81,121.90130113188201,164.7001033746974,11.399406285134551,
5636.92,4680.92,114.77026971216145,158.05875007888514,NaN,
5732.53,4683.19,118.8281021891827,154.27473609919608,12.238502543430302,
5761.02,4772.37,121.71297346245994,165.59980603534473,11.47881688964685,
5604.92,4682.45,113.34539001949008,154.01752870869797,11.351660186146026,
5698.13,4641.65,118.96867669045609,161.10788866092508,11.712854292225577,
5819.94,4721.33,124.04234068618564,168.2157397934897,11.7403778369284,
5766.05,4709.28,119.38080037552402,158.18954123186037,NaN,
5664.68,4655.97,117.49400677004566,156.3835629583918,12.156841398337704,
5772.27,4705.19,122.1977212300235,167.38072454970074,11.790366600587085,
5716.53,4679.02,122.1214710944165,170.49676950376622,11.904817395042446,
5705.49,4717.99,119.33744393496264,162.63064311919746,11.586303060349112,
5672.11,4655.14,119.22292553682836,165.6816870352934,11.632924715650729,
5625.21,4633.24,111.87780565139602,146.6556552896493,11.947078164285633,
5766.58,4679.47,121.32132364727347,164.7009084306732,11.737797587085716,
5716.35,4711.25,119.91609722493385,159.0313952113931,12.095307794827631,
5755.93,4756.01,121.1505399271365,159.59223520586752,11.887196388649508,
5521.23,4648.94,108.79251663906554,149.08981364809188,11.610044627200134,
5635.36,4612.37,111.50285769641383,142.38647134675577,11.459712628227837,
5732.4,4672.96,118.80112530229496,158.63792936982512,12.494795688752399,
5751.27,4625.06,118.7826074160107,158.71620245052304,11.565749782292675,
5799.49,4751.84,124.40084592919719,174.22745636682197,11.733172752686066,
5610.3,4679.0,114.00198214397886,155.72790523141492,11.23348293828074,
5762.02,4668.71,122.50259953073414,167.89459957851537,11.89537506420949,
5763.71,4716.22,119.85846201538826,163.4147825811466,11.692685264895635,
5621.71,4696.34,113.76319902943213,153.93888913313506,11.741600598159783,
5590.45,4635.2,112.4856922999553,151.70930199885478,12.194045424366973,
5736.65,4706.13,120.57918316409867,156.3005879849016,11.610868801099834,
5693.91,4671.68,118.65520798616647,164.62081189223332,11.490344914628636,
5568.1,4632.94,109.31797908594478,146.14495240162353,11.404140038354704,
5713.56,4680.07,119.29221804636971,161.26346670586426,11.661156726233717,
5668.62,4674.43,115.1698492292751,156.37873400261617,11.40107392437826,
5684.3,4714.57,119.61588353614427,168.38812929652303,11.791861283250608,
5517.2,4640.67,105.96090573796818,139.25608321049788,11.322987210660875,
5698.41,4689.57,116.1966556048904,152.16344219121274,11.845078501720863,
5651.57,4669.53,114.80225653383648,154.32296314761825,11.096432604177568,
5640.23,4652.76,113.86372388360645,150.16625035808954,12.08917124500714,
5622.13,4616.08,114.22514769873524,151.7622182572854,11.536977726329264,
5591.61,4671.91,110.37235265300198,147.37837915901576,11.717930933612395,
5690.45,4685.58,115.93063520009602,153.33356345032797,11.779059017942732,
5693.35,4679.78,115.80525267587679,154.3793192448154,11.539260201364305,
5770.42,4692.15,119.6289184763738,160.49091463202691,11.640270975162387,
5753.73,4704.03,120.21304029143805,158.19950869868794,11.500276007917655,
5630.38,4689.5,114.99045507158962,161.91399965238256,11.645140767274507,
5642.02,4688.84,114.68339156841448,153.36065227825407,12.050612189471876,
5779.39,4712.85,125.21863205998814,175.65773184315262,11.957273559764504,
5713.53,4705.95,120.67223377395034,168.03962856420173,12.015318797487973,
5764.32,4700.62,125.61879633505946,175.303131934924,12.11765375007849,
5676.85,4626.01,117.3359220135928,162.95460919391243,NaN,
5857.26,4731.68,131.1167217145631,183.17098598618594,12.516695814023079,
5650.66,4664.1,114.5893486259998,152.35336769670153,11.597369939522178,
5720.01,4675.76,119.50473980032002,160.13008760185116,11.702362806601663,
5790.91,4745.59,123.2591482796102,163.985712957567,11.979896530788245,
5676.42,4690.32,118.11338827786106,160.3562966055434,11.691622806766425,
5626.68,4670.87,114.45767120803444,153.28389279852266,12.03730761842782,
5602.06,4660.74,113.75453392663968,155.50702555577433,11.679086700993626,
5637.1,4704.51,112.4448769707889,148.66138807493797,11.759040731955027,
5638.78,4648.96,117.50908171042187,162.65565044654892,10.841314944431915,
5607.75,4623.2,112.30911596837853,152.65536178559933,11.412809673226189,
5699.29,4611.58,119.80427375571787,167.8006901555906,11.173712612831883,
5681.92,4622.48,116.18940854178884,154.35798692135805,11.728507244860428,
5705.48,4708.21,121.39194246044525,169.68030960643304,11.600427481787284,
5626.68,4656.07,113.62040560984417,158.46611343213627,12.351583620506128,
5690.22,4721.34,116.84488591178359,154.5293276058588,12.081208778072044,
5767.97,4715.8,121.18154471645849,160.45873385901896,11.040666177652799,
5787.83,4714.7,122.9129406704247,165.7820495848655,11.694255546236619,
5712.64,4718.03,118.48380185902137,164.74470062967222,11.510177771904218,
5612.39,4679.11,113.05996618834361,150.8582531355089,11.351805220212206,
5584.67,4676.81,112.2944354241078,154.78071490843257,12.133430198904511,
5650.23,4645.86,114.54855834113485,152.8635526856829,11.998317385798186,
5600.69,4641.64,112.38047338896669,151.86898251351963,11.492276476506209,
5720.91,4698.28,121.89453851876013,168.6311832352564,11.78589732973807,
5753.92,4731.5,122.61868053335374,164.79437664780755,12.009327981828974,
5769.87,4653.05,123.87979667074563,169.09740630416556,12.418324547113547,
5692.28,4642.92,116.99158013809507,157.62016099073833,11.690210817364143,
5755.91,4693.28,120.42361982998091,162.72762718629986,11.871492514493694,
5640.83,4669.59,115.88653337506712,160.8703622365286,12.250247145691173,
5694.62,4710.44,117.33316519457743,160.6487661999792,11.314486227434648,
5642.84,4693.79,114.71202349932881,158.00089585253485,11.433660668024453,
5802.17,4729.5,125.02135734815562,166.97258437399424,11.557764408505712,
5679.55,4724.78,121.55384899099754,169.96858908024439,12.125789518872962,
5649.55,4694.93,117.18344875145644,165.9953790591193,11.910782586052024,
5613.7,4621.61,112.05745952589068,152.84952361430874,11.885846457314512,
5736.19,4655.67,121.53017999901773,161.96789431714262,11.672393772566574,
5665.47,4641.09,115.73179755673695,157.29753726436232,11.91506056472458,
5687.99,4695.76,117.51005211919987,158.2427621452185,11.79741620452306,
5566.89,4661.19,109.17212832230436,143.6914957651586,11.577957639919246,
5723.83,4667.76,117.87931495172363,159.9443665217415,11.904761935850917,
5656.32,4702.31,116.94718682400423,163.23803387635368,11.932290345812202,
5521.58,4603.9,106.18517200252896,139.40123586139057,11.253847882262601,
5714.13,4652.48,120.75240693727712,167.6528235605534,11.232787752483892,
5636.38,4654.37,115.34161002329338,157.30539477181492,11.957628644641499,
5663.65,4713.3,116.73107399614818,160.1728936403736,11.573109057621089,
5680.69,4685.0,116.93262569844555,161.90056477258858,11.941822209279305,
5729.61,4690.8,122.92492878569867,169.86106704747,11.613432494243503,
5559.51,4616.24,113.09957165764686,156.69489273274502,12.02604164693104,
5474.79,4566.73,103.70959504106263,138.48761611865532,11.678447987239297,
5619.71,4621.53,112.74756304148187,150.69104822459326,11.91451833277516,
5605.49,4639.21,115.39934254647531,158.25299853464537,11.521119024143623,
5600.73,4646.3,113.08364960133218,157.0906881179118,11.586572331566838,
5580.81,4648.64,111.10636703727045,148.20721302165072,11.238452613275554,
5608.75,4622.23,111.92924260606789,146.34032494337166,11.75853916360866,
5692.45,4681.39,119.37406987499371,162.7078931984904,11.31290324110511,
5591.84,4647.9,114.2342729579765,155.96326713564758,12.232167603948447,
5615.42,4689.42,113.96660564651401,156.78625009690927,11.550970553608352,
5638.24,4676.85,116.13490031076363,154.876126630019,11.558283427709823,
5631.6,4639.09,115.99158040712241,160.68084920126907,11.76987204471505,
5570.3,4597.62,108.12648735581152,142.53514344186044,11.88309016951076,
5671.74,4670.91,117.47482231451275,160.9101028945524,12.31901285412711,
5570.84,4646.57,110.89601653636659,146.22504739392093,11.830647025241264,
5686.18,4704.65,117.6161621223794,156.4663563738301,11.711896086680067,
5793.95,4671.17,124.38841776005661,167.4357189089409,11.634940610812961,
5714.8,4675.77,120.5376011510008,165.67800773909173,11.903837395359501,
5744.35,4602.56,121.36975087454027,164.74497816463605,11.973938306504301,
5638.34,4630.2,117.48853130148555,163.88558296384562,11.45434525533319,
5654.14,4694.3,115.02820336155301,154.04976034328516,11.534598936985951,
5526.51,4618.08,107.36202961531693,139.23916220247602,11.762795733369982,
5703.51,4709.41,118.82171302096769,161.13223090583898,12.28542382985248,
5630.09,4644.78,114.4830593971837,151.31161525344325,11.306564429787448,
5640.99,4673.46,113.846143868157,152.7327590497413,11.614334825886242,
5546.9,4625.81,109.16863274993821,148.42847211479372,11.795693229155697,
5674.47,4700.2,116.51866305620354,155.48242985877494,11.0341831580926,
5584.85,4654.83,110.6642797411842,147.77703748065957,11.687606453297237,
5570.59,4663.07,112.43838963840084,153.82325865936176,11.785067832637615,
5611.19,4653.57,111.8301834461887,152.23684850549714,11.7450769007704,
5614.38,4664.49,116.20718793882415,162.51041302024757,11.266176536874593,
5622.79,4629.79,114.32869447187957,154.76164291194817,11.806063138771627,
5696.95,4719.19,117.90650999790635,160.80859133841898,11.431925219616822,
5573.16,4643.87,113.39408900456539,158.52861290643094,11.52366315039472,
5619.85,4616.32,113.55735861849858,157.73080701691805,11.672823049044291,
5567.46,4662.42,111.46366595869749,154.37680315443225,12.274383657539845,
5741.38,4707.0,120.73857290988208,164.9251616306634,11.425396535648003,
5805.1,4668.49,127.76122081127842,177.93034864975863,11.973233340325185,
5657.84,4658.94,116.82993298986372,156.74113027481562,11.835064512932902,
5571.25,4641.32,112.14263234075023,157.23732707549266,11.617746369106193,
5737.86,4695.3,119.66861129412668,162.35924077077476,12.12501526852452,
5678.53,4708.48,118.18217310915801,158.97715083161597,11.437150323701594,
5588.87,4613.99,111.27744566254304,152.45648460180445,11.614125554041808,
5678.59,4645.39,119.68849658406789,166.25081759012323,11.496384009422302,
5684.51,4700.71,116.64201550365235,157.7342950598416,11.300413499101834,
5686.13,4663.22,119.7884703978957,165.02160211613472,11.975561096663073,
5602.9,4604.36,113.22357678899004,155.32381307572484,11.472120492054309,
5638.7,4666.6,116.89356325356955,160.78710600849135,11.615010841483498,
5590.41,4601.61,110.69999589420091,145.91387090298934,11.447618475121448,
5649.5,4660.97,115.50375012490527,157.79863623477655,11.673637782444597,
5704.86,4716.04,118.90219273352582,162.49035571988324,12.172743222003795,
5650.04,4714.17,115.96072046153768,158.0680490207723,12.016711819541861,
5649.45,4686.4,117.46491629888888,165.78896400400217,12.319018541011403,
5601.63,4672.21,111.18964014465422,152.04164533552535,NaN,
5640.48,4649.21,113.45595108226844,150.88662349049326,12.225388165052808,
5600.17,4671.7,113.2152095595729,156.6169198805613,11.834410891252983,
5692.13,4695.03,115.83994849343514,155.13646363338722,11.748987100693684,
5611.55,4626.07,112.91828420616156,151.2035890168876,11.822324133088422,
5627.32,4636.88,114.25983022133829,157.3617428118984,11.818521128165383,
5535.4,4653.52,108.98926426286624,150.51611993003849,11.400596225975235,
5670.18,4695.58,120.01375456919187,166.12986897036927,11.541037404908936,
5641.78,4654.98,115.63178379362867,156.3063197582555,11.091853218282681,
5656.74,4680.26,113.96063621995728,157.39948609774223,11.751345062835298,
5595.53,4641.98,112.91218106321375,155.56309468324125,11.550177193528638,
5751.17,4709.22,118.52665286520168,158.20577644054342,11.363898428909703,
5741.68,4710.05,123.33506164698079,166.72628791712924,11.538027447606995,
5727.03,4703.67,119.99026997073217,163.45642391158742,11.564148785294064,
5668.92,4700.1,116.74672406283922,157.6803187164718,11.620207214772888,
5732.66,4735.6,121.93733542888803,165.77607510978368,11.702021547666869,
5758.09,4741.23,125.28309783711465,175.1539848088534,12.144981690073802,
5640.64,4648.48,115.19004960484985,158.67246081521904,11.82226554264623,
5575.42,4581.61,108.13046895615226,144.05095235492115,11.44956984326791,
5674.89,4678.73,119.91846216639767,170.37306533716242,11.612606954051566,
5786.68,4763.67,124.97548046368455,175.17248965929514,11.803854571597729,
5562.72,4610.9,110.48203282432922,147.8111945341863,11.781733344332189,
5703.34,4724.56,121.25131986717388,167.25880434302925,11.905453193664801,
5572.91,4637.57,112.49208225547791,153.01815548500923,11.464609762479135,
5653.72,4685.03,119.01402296385555,166.56269963069965,11.951989158410894,
5550.67,4625.81,109.17278177247914,150.054822762112,11.467048245296532,
5560.61,4667.37,110.59173529229986,154.06264969344917,11.545221598720737,
5782.19,4729.89,123.68365085936064,166.70996253843555,11.211414450033706,
5610.46,4693.47,113.35180966208662,146.7060573795726,11.639480863264607,
5694.2,4664.94,118.81649812524752,160.52657655241256,11.89724540234073,
5667.25,4595.63,115.65722074870098,151.7454274083618,11.339288949563466,
5738.51,4700.39,120.29092815924763,160.3787104743109,12.07586066853603,
5857.42,4718.12,132.53105459954327,187.04934558801904,11.974573075814112,
5708.03,4717.19,120.99283806826759,170.98845081135354,11.841352394594779,
5551.77,4604.92,109.17892611803126,145.46821827325604,11.07760018885065,
5648.18,4680.1,114.3107213069684,153.64342753029854,11.578189194529982,
5650.85,4634.45,117.86436618626036,162.87200316600843,11.15207066182609,
5652.47,4639.63,113.55315983611503,148.29027157684968,11.575099960755779,
5705.08,4695.87,119.27014150203402,160.65956968173597,11.581063677333578,
5573.87,4650.32,109.26321651117024,146.13533951459104,11.921011929671772,
5743.02,4674.26,119.43650028028208,158.15770339544366,11.960156530413133,
5668.37,4665.0,117.79550760936891,161.73333845572523,11.881094844633665,
5727.24,4686.44,119.89796740141426,157.99874393479632,11.933864805500502,
5734.04,4681.55,120.38483085246507,162.32262046668657,12.401688639812454,
5735.12,4685.6,121.47092452640834,164.6127478930366,11.453457301584049,
5849.08,4749.24,128.18882452036726,176.37447191990685,11.1715851173077,
5566.47,4656.63,109.67961770649936,145.47703292690116,11.853114207625788,
5687.35,4674.19,116.15428766395169,157.37030956268265,11.18676324553277,
5507.66,4574.33,107.74799888953224,146.66653433584833,11.530750161814018,
5698.32,4630.4,118.99791661007363,158.98280377794885,11.653378722079994,
5746.38,4643.9,119.88262347083699,161.2566170086976,11.615222810852018,
5591.76,4662.13,109.81186901251964,145.4492552639634,11.303024185229456,
5555.95,4652.46,108.80656414071997,143.4930211679132,12.388705173699616,
5666.77,4719.5,119.24967479796423,166.27490401967785,11.550927726051523,
5589.02,4677.18,111.65442887631045,149.13953415817895,11.261786233754759,
5626.96,4705.32,113.46694550327675,151.07995578091422,11.669899836175292,
5702.34,4674.76,120.5070098587565,166.55803500068302,11.411518715198689,
5734.62,4737.15,121.81430998795851,169.99085698435957,11.802884754431268,
5477.63,4594.46,106.83111739522836,148.27240346256977,11.548245003225071,
5560.8,4666.23,108.57057771354073,143.03760537331962,11.842101935442484,
5778.21,4652.94,119.2310214638994,158.86291859336237,11.259749153933301,
5650.66,4675.38,114.96918500407831,156.6830103275044,11.70688786202547,
5635.65,4706.25,117.66267011733798,165.0555703475575,11.630628413624153,
5646.59,4598.42,113.98828730785715,151.9020300405922,11.902974389096437,
5572.43,4591.19,112.8304793914021,156.20002638674126,11.058986811152858,
5717.32,4646.03,121.4175114704004,170.03435278014945,11.88601463543358,
5739.09,4714.31,119.32111648855528,155.92762231529468,11.696833611236325,
5717.68,4618.91,119.7101157064684,166.54459879337546,11.95448096901226,
5682.67,4695.09,118.12772631376076,164.88461223229766,11.608623419140551,
5575.66,4666.37,112.14458664171644,152.510724912189,11.747765924304026,
5587.74,4661.1,110.13492331635973,145.0163364742817,11.816572907091247,
5713.05,4635.39,120.25210815197178,163.39313177914124,11.481124119783729,
5472.74,4560.51,103.84098562309326,139.02019537626518,12.018418481187014,
5611.5,4618.47,114.28765051317727,160.09428714047021,12.270808042549426,
5620.13,4675.71,112.38577941902798,152.61481402694756,11.452295637269112,
5800.34,4643.6,123.52901096067849,165.25057648527306,12.13996543741182,
5718.05,4693.67,122.42330612707173,166.12358336304737,11.208515289141117,
5675.3,4687.72,119.85619686809106,168.1499576841426,11.51196583887817,
5638.28,4666.8,114.13045502299688,151.57891169418798,11.443547664125669,
5584.54,4635.94,110.91002471812725,148.36180567177234,12.213442054913473,
5815.64,4728.84,125.28535535301204,164.80049743800268,11.757926555359099,
5785.19,4679.88,126.22186628612772,172.86938376186743,11.772883900359393,
5595.21,4616.66,111.08827149840994,149.0127385253991,11.233907928971211,
5643.48,4654.99,115.41809339867497,153.87040746022714,11.440950934692223,
5729.56,4690.69,122.66842941493073,169.69836423383106,11.63388794383769,
5625.1,4620.85,114.83949763019432,158.4805574910365,11.547600221894525,
5760.51,4758.11,121.06219735801778,162.26619246316002,11.263988273695038,
5645.22,4694.22,115.76731079786258,161.15748169143467,11.53816593617146,
5795.81,4738.53,125.57241154955364,170.96979454900693,11.800430521064342,
5765.25,4690.99,123.24500838861415,168.8328612932486,11.85165683191167,
5684.1,4677.36,114.56411381155903,149.95527759116743,12.027103690413599,
5827.82,4720.01,127.15860958490448,173.72208681608052,11.609268902960709,
5730.47,4679.74,120.25438849383663,162.55728748758435,11.515493974728273,
5606.91,4663.94,113.07658335703394,153.824988360635,11.913735337154733,
5628.35,4684.8,114.86731320237094,157.7266886980238,11.348553856188754,
5616.06,4625.03,111.4645972870067,147.4288459272174,11.645112543530185,
5589.74,4600.42,112.3925589737601,150.50050549591535,11.313711960314329,
5738.05,4715.6,122.45125380515738,167.94183599504058,11.998154072925113,
5573.78,4656.08,110.26331220645926,146.91880132197574,11.63165620223295,
5763.54,4706.91,122.66260535530778,166.75169455057585,11.547633728428162,
5671.6,4654.48,117.25034455121144,163.00209206542445,11.165582738010357,
5828.78,4715.95,128.18238219732478,177.91981082484995,11.976244930419568,
5535.85,4632.39,107.16916690657114,142.29002393206133,11.598577629122529,
5670.6,4634.17,116.41985357716268,152.96644568006136,11.267306895421202,
5772.11,4647.73,122.85478971510202,166.08194920104276,11.455080675190189,
5830.64,4670.11,125.24992873110436,169.68137635501924,11.622773490973119,
5715.59,4706.84,120.00113867713686,163.48544631638723,11.770183576057873,
5716.31,4679.02,117.73503117422177,159.46174619344006,11.708783624807436,
5647.27,4609.35,115.90615215007165,160.621667300839,11.560919587982596,
5591.88,4659.61,110.52437661408068,145.5747328514112,11.845492145819199,
5709.26,4634.17,117.52744940233731,156.71136025984583,11.22051238031785,
5641.95,4639.51,113.47982862726894,151.57514448895313,11.187550575118241,
5699.85,4715.4,119.49598983346961,164.01670924698072,12.196719659809999,
5706.4,4662.83,118.42408660033088,160.10724196585002,11.202347996190483,
5766.97,4710.07,121.96123334543277,167.2411867180637,11.949698273680033,
5746.37,4754.49,121.05300762308643,160.9946931813297,11.79719859402458,
5602.57,4643.46,111.83828112195054,149.10391296485642,11.818014861458723,
5597.41,4681.88,112.2125058871726,149.95635366698107,11.48158378671144,
5688.88,4682.29,114.81923886015275,148.7670353523334,11.369317158889281,
5610.77,4661.84,114.93508560074515,158.69474577740672,11.55138888328404,
5536.96,4584.39,108.5406275554704,145.57872047250737,11.15665474386038,
5787.97,4754.2,122.52410632879271,162.47438221665254,11.853810681085976,
5712.65,4656.25,119.74485539112754,160.5320470615859,11.669959918345366,
5658.94,4695.72,116.88372754300127,161.13111985213263,11.468649104589726,
5610.45,4647.95,111.70317152154375,150.6798332682166,11.587317072031947,
5669.98,4696.45,115.18801788984312,154.67018049940467,11.547582989260814,
5664.09,4675.11,118.38547847195493,163.94154315092328,11.151911173794199,
5532.6,4642.57,108.63687292433372,143.93763658266172,12.022731911121582,
5687.96,4683.87,116.68330225865324,152.8516107342614,11.852712494863024,
5673.71,4674.74,117.58820912210642,159.07964597312875,11.755790984001827,
5794.57,4699.99,126.18014225527682,176.4869391752318,11.325773881238852,
5688.24,4674.98,117.31320252151471,157.9035673751867,11.55922579247113,
5722.17,4667.05,120.94250054302088,166.78631139903268,11.300455689071832,
5677.99,4664.66,118.46405267986628,161.34318464878842,11.455060881604682,
5698.49,4709.11,119.5524127383104,160.8092586109235,12.280155772329941,
5659.29,4609.26,113.97702211245752,144.02340434808477,10.931850271483453,
5615.44,4644.81,112.74676983240889,153.58998135676217,12.432580893533082,
5615.0,4679.7,113.26031656425522,150.17501562168377,11.153916658020366,
5597.5,4689.6,111.68881645696159,152.61622392308962,11.658726187083516,
5716.37,4683.67,117.4977115529996,158.7277436914129,NaN,
5628.4,4680.1,114.66925439137638,153.96180750309608,11.141574905248564,
5674.7,4651.83,116.40349875237554,154.80500643759956,12.212731219013895,
5644.56,4641.38,114.99207788108178,154.05887627065616,11.18932213510423,
5683.57,4738.99,118.19181859179571,160.0926691203782,12.016323763893759,
5836.85,4763.86,127.88939259872457,171.42166876895718,11.852557447083168,
5672.24,4733.14,118.1110861669889,164.95578099630598,12.560119393177265,
5680.35,4667.3,116.46858618388734,161.18592921303963,11.964365446199611,
5586.4,4643.77,113.91536629540943,157.4983449527469,11.928309791557753,
5636.14,4654.87,117.19235428736529,163.2611608978328,11.712617444426986,
5703.07,4713.42,118.7264918778503,160.9694265804727,12.25142862955017,
5613.28,4644.2,112.75310702212029,149.41038333712294,11.154838442552226,
5591.4,4656.08,111.48260529610269,147.96010299398802,12.313189205517826,
5729.75,4666.18,121.72099181405856,169.7044193685566,11.954650293135971,
5719.77,4704.78,121.30331152561152,166.81251882673644,11.688425275371513,
5681.02,4686.82,116.24942811259585,154.87207243345284,11.422795064419761,
5628.67,4631.26,113.80455651798275,153.97233749651235,11.213640606871673,
5892.87,4780.36,130.2568683587618,172.00143367516313,11.841812270686885,
5729.3,4721.03,121.11610840316168,165.4440717169697,11.454648337555081,
5775.51,4694.59,123.96948582890967,167.23522108248952,11.397943061051443,
5746.55,4666.91,121.07040921962034,162.00401301587942,11.7219180095221,
5674.7,4697.89,115.58576031439821,155.17115169274015,12.023865538772384,
5597.71,4611.79,112.81077829619417,150.20599849629778,12.031360100085774,
5630.82,4707.9,115.02867682808206,157.43804826951498,11.868216238629639,
5578.74,4663.65,114.19131117260018,158.25878847737278,11.683287380793358,
5601.91,4666.19,112.54811202315081,151.15825263691397,11.886357982541627,
5727.97,4727.1,119.87963618161895,157.70778965287766,11.891552547503224,
5708.78,4654.23,119.54891475193637,158.39721281743553,11.891975970139471,
5701.74,4674.28,118.99912012840811,160.14623777870358,11.446405365912781,
5731.2,4704.19,117.61540530233067,155.6279923062283,11.605286843821204,
5688.29,4715.19,117.5972826953034,157.02749521205752,11.339984069564371,
5552.61,4650.94,111.11771874592543,153.63872855795734,11.866342021450523,
5553.34,4668.18,110.10569726816934,148.1474155235041,11.271972122740081,
5731.4,4699.89,119.8090951727388,159.57672013810506,11.697572493360433,
5652.36,4628.19,116.96892736523834,158.77480607483668,11.229244796314617,
5477.75,4615.11,106.43833347108311,146.8055511058785,11.506591579149035,
5732.69,4737.75,118.8940009428597,154.82217540933377,11.38655739929779,
5724.78,4711.12,120.33381484824648,160.90091337046718,11.150233879013156,
5897.82,4730.38,131.44935223615727,182.22897826603455,11.926915132182305,
5633.37,4629.93,114.50627245731356,154.70982237382606,11.52579727690246,
5581.0,4655.86,112.75246927932834,158.4799516952275,11.124838065363438,
5666.71,4711.17,115.07588548243622,153.5769109297083,11.941975751352532,
5863.78,4644.39,128.43656984872297,175.2525554473483,11.89817770117901,
5630.98,4661.03,114.69774266037238,154.9315744449336,11.534368163862668,
5719.72,4646.62,120.54961484438333,164.71612450828914,11.671768698576873,
5655.02,4709.81,114.48256338697067,150.45092195274512,11.627125021753344,
5760.92,4673.08,120.98114432084891,163.1472865540556,11.063845384013941,
5497.36,4587.67,107.27900047440198,143.8585171979635,11.609224580384144,
5747.26,4699.25,121.34810609090036,166.4413235151439,11.806341363991434,
5684.81,4662.53,117.10349213883357,159.50645305825418,11.807192777026161,
5770.74,4759.53,123.69345407638221,172.9197843606341,11.951248174382522,
5737.71,4714.7,123.7494299215296,170.31945601575603,11.483177672689504,
5698.38,4737.36,117.99265694892846,156.295577530659,11.511580044413078,
5496.71,4623.43,105.90667535306888,143.1797962742083,11.435136039618305,
5574.6,4617.77,109.11036240857369,143.06714248047908,11.418246754482603,
5772.03,4726.45,123.6052981774264,164.500516119992,11.672946521662679,
5542.65,4596.58,107.88554711112809,144.77397815020177,11.855481920265158,
5683.07,4650.91,117.35402735010967,164.24111542820032,11.027297820666417,
5774.21,4744.65,124.15902915289779,167.82630470696245,11.476945073948407,
5683.3,4736.82,117.97410193664824,158.7902738360372,11.81036656087118,
5630.22,4662.77,115.54945245780598,164.23676931964758,11.972865056513704,
5616.22,4663.9,115.1751249335803,156.69350456478892,11.794739777977156,
5688.84,4693.74,117.49435959579552,157.2553018539591,11.451741548148895,
5648.11,4638.68,110.99688698394816,149.46114756573786,11.503594269904728,
5572.62,4655.68,108.17653397145303,140.39367303745624,11.363056228528695,
5570.27,4667.13,110.56647125077693,144.97845162907367,11.554681620507269,
5760.09,4681.68,122.62653554173012,166.44274982601917,11.518410876174675,
5602.84,4679.58,110.5442979263083,145.58195124634287,11.815851526645329,
5764.86,4641.04,120.2272830091952,159.97771107661976,11.83918271788682,
5765.77,4711.34,121.14325612724093,162.62090096711682,11.331492040275,
5545.87,4630.33,108.36435893457123,145.19713881824418,11.902076292984272,
5624.34,4632.63,112.61295498526306,155.84470275667343,12.02782080400044,
5664.3,4673.96,116.83152255879467,160.3951388884611,11.33082396632999,
5614.85,4685.25,112.95969077967337,151.05117509550027,11.05758708596033,
5718.07,4727.52,121.03454920970998,166.69236510715572,11.450458493297745,
5737.65,4746.75,122.49639633656233,169.18566947320235,11.732341159890643,
5665.44,4623.99,113.52499019216363,149.8516683984221,11.590354489704891,
5633.88,4660.18,114.51292196675325,153.6193967287205,11.548836626278955,
5726.57,4748.4,122.07777090787762,171.8437809536323,11.325058923645999,
5652.92,4670.09,116.87984721173834,158.63341736304855,11.874213324967693,
5636.92,4682.86,115.87567181481707,153.66212471302205,11.998359511445269,
5655.61,4673.66,116.19844062069477,155.1400624536378,11.559706832040124,
5625.04,4669.19,114.45182172240239,148.79509934247767,11.287505317803877,
5632.69,4648.42,115.65943599115673,157.6076140203923,11.756774599842533,
5731.45,4690.58,120.19683892192006,160.88976696093567,12.002343684016651,
5716.79,4683.53,119.32516166259269,158.2564686609737,11.491019550692794,
5774.44,4691.82,124.45965798232271,167.30566241193722,11.952430296811398,
5614.7,4698.5,113.24953418478319,153.34270551589077,10.960504309355914,
5698.51,4687.42,117.397014865023,153.43325428246226,11.857592084017092,
5655.84,4669.56,116.38315299665801,157.3156330338858,12.007829614616195,
5743.57,4676.43,121.06489655652005,163.3402231385053,11.184040042689839,
5650.76,4686.38,113.96713560755626,151.05578753899775,11.75088674157959,
5572.88,4669.43,111.10761717792937,154.6177015500521,13.145124448296134,
5556.31,4646.42,111.11861742038292,148.6503963717079,11.754423949315125,
5690.02,4687.91,117.125964260648,155.56663123896647,11.15581210893378,
5503.18,4637.14,104.24593148400167,137.36162053458054,NaN,
5670.98,4685.99,117.14648680495216,156.43179393263483,11.476112063637094,
5749.16,4713.77,120.00348913253654,161.0803580473405,12.022378392365331,
5781.54,4706.07,125.48841085579389,170.66735187291252,12.340217807905498,
5693.97,4687.74,118.60116421069671,160.11035955400845,11.244343592380263,
5668.32,4668.91,116.64896238844138,156.98363649298764,12.029418091469106,
5693.85,4660.67,118.10731695526856,159.86435547802617,11.889922193226985,
5579.25,4680.32,111.28865537903856,151.2887105955739,12.280348989378387,
5606.51,4645.83,114.13524505286892,155.28909137347569,11.617920571556816,
5641.4,4651.61,114.66725369567617,155.53956101896418,11.630164934785244,
5588.03,4624.06,112.82849653840813,156.45981397058998,11.76794493941378,
5715.77,4738.76,120.94783340691484,170.87256752832948,11.572764994234824,
5730.69,4689.75,120.60471016478935,163.14182967967474,11.863492724128646,
5730.97,4699.48,121.25367576806516,164.73912258748373,11.60603418284693,
5651.9,4661.02,117.04309230369525,159.6924743676202,11.152233837706666,
5628.22,4680.13,111.5451244673223,153.240204618674,12.23166261164759,
5595.94,4635.9,112.99438771228479,154.47491293218525,11.329025022680575,
5759.09,4640.38,120.84582205661077,161.27338315370696,11.55608951965644,
5653.3,4658.1,113.81596672742899,154.62827275162618,11.435927041164286,
5714.66,4647.64,119.17132488142103,156.85631582478777,11.54776446523836,
5608.79,4665.7,114.6613369815655,158.29891891370252,11.937584742289914,
5549.59,4602.91,106.96852209474771,140.38542085109745,11.817125577173293,
5685.24,4685.51,116.85100500152755,157.76970387064733,11.209792078097571,
5677.71,4624.63,116.00865048639095,153.2290672568697,11.521312902958407,
5716.38,4674.4,120.70517809341409,167.38906229220322,12.133987517470183,
5638.47,4639.09,114.89362022292879,153.37547974781194,11.484769502867096,
5585.16,4664.77,112.02607150177009,149.9353216450102,11.853168733844182,
5800.72,4704.64,124.16013207261456,165.4628163222277,11.546988181311436,
5664.15,4621.64,115.30828577023665,153.53462205687612,11.258153306751318,
5465.42,4590.8,102.87959581602199,136.2213554924442,11.780461771423397,
5642.52,4690.15,115.48947106093256,153.65499352751624,11.85823665250629,
5566.29,4613.78,108.27718068295594,140.01743393944244,11.436989092090428,
5693.07,4689.75,116.75437430939576,154.17520716366752,11.655464234906827,
5678.2,4646.93,116.2981037047019,157.28540482580303,12.077443150547886,
5753.53,4761.6,123.35438688110175,168.91007549739075,12.04771997169098,
5753.7,4692.68,122.267279150312,164.5997966641923,11.500207092532689,
5592.28,4659.75,113.65095846009248,160.99558637359962,11.559788144114329,
5665.01,4668.9,118.00785176637983,162.86911827274838,11.547740352240613,
5628.92,4644.33,113.20269758369626,153.01688951691034,12.401957849680121,
5736.34,4737.98,119.50105237082478,157.71598549961763,11.697593978028804,
5569.96,4652.58,110.83234622343804,146.07448068126675,11.965590902233858,
5543.07,4633.87,110.94879321020991,155.65432973065015,11.652970919579309,
5565.14,4618.38,110.10906478094962,150.247337312546,11.547293130330543,
5794.17,4694.72,125.23614272475375,169.59099167426135,11.606673024260067,
5723.46,4734.11,121.19981474119233,169.70277595006155,11.925769318481045,
5734.67,4626.82,119.53590455399673,159.88611527760366,11.815440890441096,
5647.1,4659.44,114.83505681129624,152.8777296941679,11.901206039963965,
5709.98,4718.52,117.38376946939826,158.42320316610687,NaN,
5678.55,4650.67,114.89912760175854,152.23529474212938,11.628269502233952,
5717.63,4696.69,119.99844376143521,166.15181676690622,10.937271289898781,
5573.82,4569.67,108.39793957039475,140.95791459957877,11.798715064227126,
5677.01,4662.22,116.93946719688653,157.12853062758143,11.326751140753752,
5825.87,4732.61,126.60950851224568,168.72653988889627,11.028219275831992,
5717.74,4678.64,118.23728342683891,155.67458034827857,11.839401482201053,
5586.84,4596.29,112.0639466568566,151.54629794215586,11.225532032846239,
5685.01,4632.17,118.43857754545579,160.5460241668015,11.531504275517632,
5603.76,4635.53,113.47597179115988,153.0546600488302,11.232463949119257,
5579.88,4670.26,110.60804089683778,143.9885430455431,11.848769442629663,
5652.45,4695.84,113.4746771468772,147.94478063544273,NaN,
5811.97,4679.09,125.20909036773584,165.95672087416773,11.536738967547764,
5588.44,4584.15,112.89061971194698,154.95644064226798,11.098048115935587,
5604.68,4668.34,112.38221302958762,149.77032580859847,11.202449105000317,
5557.7,4624.35,108.39627500692508,141.67877768858375,11.28912171099163,
5541.03,4623.05,108.24046788704547,144.8399169192965,11.131009044485465,
5603.18,4621.52,111.45991669970536,151.42020170213718,12.144132441153591,
5571.03,4624.2,108.58056144312539,144.21571221482486,11.672253819166492,
5704.5,4721.11,119.8594815477711,161.9550507531409,11.60516911925813,
5765.75,4667.18,122.72390497669969,165.72091758300593,11.741656182405578,
5614.97,4695.32,114.45116302598497,153.29689697344062,11.247313522584712,
5637.19,4593.91,113.70292574615549,155.12690256034165,11.440653398730552,
5656.65,4689.03,116.76986702219742,157.39314438624788,11.496440140581534,
5705.63,4703.11,119.45361374456596,160.0072228081625,11.962657101288805,
5706.87,4678.91,119.73676132927773,162.3112206481434,11.858067302265576,
5708.74,4728.32,118.31711546565111,160.34040291847327,NaN,
5584.71,4613.98,111.27367961974323,154.32911343093372,11.446178816332685,
5670.66,4707.7,115.63352282558643,149.7896606894725,11.952226052490785,
5691.49,4681.97,118.38542746260596,162.74318710769342,11.006831418833263,
5685.13,4660.97,117.57792138206534,157.47954946627146,12.106551904870638,
5693.43,4716.17,118.75256775448115,160.00849901967646,11.783089857869708,
5726.09,4677.76,120.81242273680711,160.93203937814462,11.721806138255594,
5681.0,4675.47,119.26590392605236,166.95203226119523,11.37312075468986,
5704.16,4698.19,119.55070213566141,160.16014753906111,11.560176110875545,
5647.96,4684.64,118.24419510933512,159.69023594507408,11.564223988031872,
5779.43,4750.01,125.28243369029347,175.39424711698422,11.537515061623003,
5677.47,4717.49,119.30092338049351,162.8954958874051,11.115465528262193,
5753.26,4711.32,122.87105233100655,166.91210999185364,12.664388751678,
5723.42,4613.68,118.83550339328279,157.536083891618,11.910942767566063,
5577.44,4664.09,113.10589632245684,154.8416142490921,11.609283042053033,
5543.17,4603.55,104.78028547759466,134.13617568760398,11.747323892089915,
5616.03,4647.98,111.45030188548989,149.06036052587567,11.424965527474587,
5777.92,4735.08,121.33096121468641,159.6940229589527,12.4949802176406,
5644.08,4653.0,117.69114137020915,160.54612963299462,11.608150404538014,
5593.3,4620.4,112.28958057587113,152.72580322628176,11.836143939396454,
5636.08,4655.35,117.81647423044369,166.32845358147836,11.167463233527743,
5759.03,4675.25,119.539559913785,159.45477199677916,11.890237651990121,
5552.15,4620.54,110.34901289742956,149.9980468132245,11.144149701953046,
5732.76,4690.85,121.48797359958027,166.9256441171079,11.283132219315233,
5736.06,4692.33,118.3188264440853,157.3632280802447,11.508129388664639,
5564.92,4661.8,110.84176881426893,152.6396424254723,11.512950791987883,
5644.33,4680.37,115.04705530863292,157.9752649729853,11.472456031895753,
5640.63,4689.94,114.5329811149301,155.9150134990605,11.482059184776297,
5663.05,4672.69,113.74861992179228,155.71704054575855,11.727270454571062,
5610.87,4686.55,112.82147928476611,149.1607836704958,11.71863569236445,
5654.36,4694.36,115.46907076994772,158.81830189148675,11.468520578349292,
5793.02,4620.9,121.35026948770962,158.73480091872602,11.173090767237191,
5736.47,4747.36,121.47114698524172,166.2511295451413,11.24933494453569,
5719.78,4730.7,121.56317706493101,169.74987305917196,11.935889513324923,
5559.86,4647.19,111.63721252959084,154.83942045491168,11.970154810978883,
5546.61,4598.33,106.0903810485216,139.37574973701038,11.640463054031361,
5544.19,4620.7,107.56242972428119,142.6749669858991,11.719283177416116,
5670.24,4695.26,118.23845205402239,158.95003271070212,11.393221163927299,
5668.13,4693.88,115.79811304649733,154.77612516131146,11.207849863925382,
5656.74,4669.24,117.72221494274594,161.47248165034057,11.598913950600457,
5628.69,4673.5,115.66358280427092,151.892480606639,11.534987797931885,
5635.27,4684.16,114.29577879007321,153.55846581737967,11.511736637451586,
5677.44,4707.39,117.20371837067282,159.07568915720418,11.858760297935506,
5645.91,4629.13,114.8440953129941,151.53103683040825,11.997679891378963,
5708.14,4705.19,119.17393049577323,161.80225093378337,11.448600428411334,
5844.29,4690.67,129.2102184860085,180.95920159567166,11.493578409721703,
5782.98,4702.61,122.06031855233978,160.20433580353924,11.794291556912015,
5575.61,4640.0,110.47241451619539,150.02180079508645,11.719775443376868,
5643.67,4707.13,116.06585126706456,159.95561782946407,11.358162498675538,
5639.43,4633.9,115.42346055320752,156.43192221422666,12.277452740007243,
5600.83,4634.98,114.71404310450022,162.5037928534325,11.11154387151739,
5707.61,4727.49,118.87320267823009,161.21592568940412,11.37249632776874,
5862.1,4768.59,132.39910659719894,188.23848321999895,11.263234644287316,
5715.58,4705.92,118.47015971932541,161.72743818404214,12.583538372416745,
5634.65,4659.87,115.21472635788795,155.7903598526467,11.257481732320976,
5705.38,4710.55,117.90068215293071,159.64131748296415,12.071789039305058,
5611.54,4644.43,113.61167321694985,156.0156914641506,11.524479035438555,
5654.67,4687.1,117.36002643250895,161.88326347870577,11.699239844320067,
5688.38,4663.55,116.65975977878571,154.845160846647,11.663601611912261,
5741.09,4708.8,121.17954692235371,162.26688023530633,11.809709751008596,
5565.2,4646.54,108.80428597620637,147.03145968805654,11.166895038052521,
5697.85,4669.92,117.60016898739097,158.665745566758,12.152703473111119,
5714.36,4631.7,119.1107443532822,156.60594263882777,11.434004931902031,
5719.96,4686.3,121.76351876455057,170.38181801772143,11.645325852050016,
5684.45,4734.24,116.81400779268623,153.45488717342766,11.63754029433158,
5669.12,4676.68,115.7643264138717,159.7093781182156,11.500477220605857,
5618.4,4626.2,110.00327140774958,148.63616826238595,11.684729744454478,
5582.2,4623.33,112.49075547820894,157.77566754272635,11.881736508166616,
5634.62,4706.31,113.22229457146085,154.11347797689757,11.515754739465606,
5571.52,4605.16,111.72013160692903,155.26405575712258,11.663692376288767,
5608.06,4629.4,111.7168310403372,151.92186600068928,11.51041959698276,
5569.0,4632.28,111.66733468661369,153.88388463625898,11.444479773716786,
5783.38,4748.84,123.25462535535833,163.88381137449517,12.106937265262662,
5491.5,4569.11,105.72491446483805,144.9074857768656,12.133700404395288,
5551.39,4649.95,109.863592101046,148.85355400587673,11.6146210167128,
5653.25,4688.55,117.91135191341822,161.70645817033036,11.728079781770177,
5611.62,4671.93,113.40075592506948,153.36630161822674,11.395463322635424,
5622.75,4691.82,113.15616764625203,153.44648559024267,11.26727803529694,
5679.98,4681.83,115.12338222366304,154.27163085459387,11.524840173001781,
5682.05,4652.43,119.37257653778639,165.96155599127286,12.317391695650187,
5659.98,4673.78,115.54368523763642,154.9957971725861,11.636135477794573,
5627.15,4659.96,113.34152343093103,152.56427494436375,11.607969866551064,
5699.85,4682.66,118.46971534078438,163.5150952583988,11.705940109597623,
5756.84,4712.86,121.31365221280893,165.81111511605056,12.228805149221852,
5613.99,4645.45,115.32703551898493,161.06764238583762,12.137344310788862,
5626.04,4706.07,114.79583809021092,156.66675632910508,11.536402845396276,
5707.61,4633.61,120.99773092510202,166.6852915586553,11.857270755570196,
5668.62,4677.6,116.56916779477184,155.185115655404,11.197220817172292,
5715.19,4755.13,120.68607123743277,166.8710721822417,11.529336382383827,
5689.36,4718.5,117.52443896504144,158.80378375442803,11.932294460271178,
5633.96,4673.59,112.6822239437401,150.40379050981056,11.810115302427999,
5797.72,4677.5,124.43637169944253,170.60051446200873,11.246938833836664,
5691.09,4692.78,117.54901162512428,161.3503001466024,12.015905878088702,
5619.38,4618.73,111.58605399282636,146.12514710007162,11.463710531520933,
5566.97,4646.02,111.06661269825199,155.07104999610806,NaN,
5632.69,4664.95,115.06407439481838,159.02918564896723,12.026369649181722,
5660.9,4684.97,118.11274578559494,159.6807961004099,11.461914073353903,
5687.32,4705.71,117.10979226918005,158.8838676371169,11.525765571712626,
5690.13,4665.53,118.89116215502682,160.27902218020157,11.606856941449916,
5767.44,4706.21,120.62537549719502,163.17813688917784,11.202948589619067,
5622.34,4649.46,112.91906725550513,153.2460670558072,11.878741294124428,
5548.83,4653.52,110.74617031656071,147.9495775278927,11.461116801913832,
5825.9,4782.05,126.72385811286824,170.87365557732065,11.7250816005712,
5627.76,4670.2,114.21840349348899,156.5428317587364,11.302938042318837,
5733.02,4726.1,122.16731125068813,166.40882117523472,11.818309023325211,
5571.75,4643.35,110.72682477669724,148.5126733028016,12.347931485153037,
